Samaccount,FirstName,Lastname ,Password
tsmith ,Thomas,Smith ,Pass1234
rjones,Ralph ,Jones,August29*1978
psheppard,Pam,Sheppard,password1
bwilson,Brittany ,Wilson,123123
tterry,Tony ,Terry,tt1963$home
pwalker,Paul,Walker,adminadmin
jlawerence,Jennifer ,Lawrence ,12345678
mjackson,Mike,Jackson,Sm00TH*Crimin@l
rnelson,Roger,Nelson,75$April
rmcdonald,Ronald,McDonald,Smil3*4*M3
dkong,Donny ,Kong,Dkrules
ksky,Kali,Sky,Kali1990
tstark,Tony ,Stark,IR0nM@n#1
bbanner,Bruce,Banner,BigGreen
lskywalker,Luke,Skywalker,ForceMaster79
todinson,Thor,Odinson,LordofThunder
nwindow,Natasha,Window,r3drum
chawkeye,Clint ,Hawkeye,Arrow4321
wsanders,Willie,Sanders,99*Tow&M0v3*66
